RMSE,R_squared
3.5407593094995926,0.17083001343273546
